fecha,acceleration_x,acceleration_y,acceleration_z
01/01/2025 00:00:00,2.38979536324741,11.523456463115378,-3.4895521082499354
01/01/2025 00:00:05,-1.623869038949714,12.002993424174434,-0.893506984760817
01/01/2025 00:00:10,1.1936326908245882,8.84705889059173,0.1681652796481154
01/01/2025 00:00:15,-2.9293078876504035,12.69455251807126,-2.1766619516610186
01/01/2025 00:00:20,-3.550236612187715,13.392669626922087,-3.682367915083312
01/01/2025 00:00:25,-3.694446467209433,7.813486681197896,-2.478948949823017
01/01/2025 00:00:30,-2.057037716833094,7.16638309030655,-3.706762532720034
01/01/2025 00:00:35,-2.177674983398212,11.086491192051144,0.8595370764627464
01/01/2025 00:00:40,0.2800640415324116,12.046294373392746,-0.4435695391459917
01/01/2025 00:00:45,-1.676228103631518,12.760762964539769,1.8797660636800877
01/01/2025 00:00:50,-1.7785452661830117,11.4591610696056,-3.635643403521288
01/01/2025 00:00:55,-0.4117664934275342,12.037840810598432,-0.6457310902370017
01/01/2025 00:01:00,-0.4016208770984417,11.844411581419926,-0.2801202483844394
01/01/2025 00:01:05,-0.933407924217884,7.85961086840679,1.6422371110938654
01/01/2025 00:01:10,-2.375532390632914,6.427865731774533,1.8021614640734471
01/01/2025 00:01:15,0.4247868362336837,7.91834830438264,-3.35798667261963
01/01/2025 00:01:20,1.8480946559613345,10.13498358859186,-3.1408046413703925
01/01/2025 00:01:25,-2.50390197808316,5.505173886458941,-1.787258185849778
01/01/2025 00:01:30,3.29740859703081,6.124757963587376,1.4390664126242745
01/01/2025 00:01:35,3.0134408380381643,9.863050544803714,0.1742429547708863
01/01/2025 00:01:40,3.939204353486759,8.274523586670096,-1.151055519064048
01/01/2025 00:01:45,3.9194948325062304,5.630635539514498,2.147642087410182
01/01/2025 00:01:50,-2.4088096253962483,7.131320934806048,1.8142461902637497
01/01/2025 00:01:55,-2.149180016438313,11.04210966352042,0.4665497367111797
01/01/2025 00:02:00,3.4886765648872755,5.543302789415522,2.4631747678197398
01/01/2025 00:02:05,-3.737974385057061,5.902449352518534,-3.303980138130653
01/01/2025 00:02:10,-2.32780273396956,11.559290257650073,-0.7070765704592787
01/01/2025 00:02:15,-0.4970245911200504,5.655372306830295,2.080574074590676
01/01/2025 00:02:20,0.3827793352462425,9.19147293150457,1.5234369462124473
01/01/2025 00:02:25,-0.3206428241359491,10.584740500123193,-0.1998814692665691
01/01/2025 00:02:30,-1.4621600874681169,11.515834614404437,1.52864672864938
01/01/2025 00:02:35,-1.4567864995506,10.424006309843415,-3.447841042666134
01/01/2025 00:02:40,2.791368027788884,5.574796055270996,-1.302171411467741
01/01/2025 00:02:45,2.496761761288882,13.088435855286509,1.5797059123614543
01/01/2025 00:02:50,-3.6688231251872967,5.696631099188172,-0.7276765014578492
01/01/2025 00:02:55,-1.9376344996943624,11.696604155250254,-0.6464589515082853
01/01/2025 00:03:00,2.586356131983607,13.401852255430487,0.9895266020146932
01/01/2025 00:03:05,3.917511273686862,5.608480024089692,-3.700516661963837
01/01/2025 00:03:10,2.055629230316781,9.057778565900364,-1.3695374068733237
01/01/2025 00:03:15,1.4932828718867808,9.73968621193087,1.0034625268558202
01/01/2025 00:03:20,1.3570976995794597,11.79363941603562,1.9730661949755808
01/01/2025 00:03:25,-1.3968161079463226,8.655063044449172,-0.2527000138497755
01/01/2025 00:03:30,-3.80688493845507,9.540889453031715,1.991170064425317
01/01/2025 00:03:35,-2.226305318431575,9.316077231124472,-2.238597830680557
01/01/2025 00:03:40,2.7118798412578307,11.277895707352162,0.5854003868395137
01/01/2025 00:03:45,-1.3579122466029694,5.293995086122774,-2.6916989230957173
01/01/2025 00:03:50,-4.032558253486065,5.3226413329932765,0.3082348392482994
01/01/2025 00:03:55,1.1146589064695758,10.786050214669864,0.3411323196290925
01/01/2025 00:04:00,2.212095082627689,7.870064748367994,-2.4567097334175627
01/01/2025 00:04:05,1.5922875519429276,10.03374809837827,-1.055168794267591
01/01/2025 00:04:10,-1.4093711652740897,12.51357340626755,1.8672790620790845
01/01/2025 00:04:15,2.2354271035411486,6.531992859279448,0.0204561868490475
01/01/2025 00:04:20,2.958972153325389,10.008342375658088,-3.046410361456844
01/01/2025 00:04:25,-0.7544530104594926,7.58131081517666,-0.7715273758003527
01/01/2025 00:04:30,1.2421155000181896,10.193071589485402,-2.295444310206119
01/01/2025 00:04:35,-1.272094695104849,7.782972327832766,-0.9597226823127007
01/01/2025 00:04:40,2.637433630593926,8.1042672736519,0.1441142466859415
01/01/2025 00:04:45,0.6001877822538035,10.57530941723683,-2.668450645482292
01/01/2025 00:04:50,-1.8369138416382575,6.232981857273399,-2.9143642499572397
01/01/2025 00:04:55,-3.729326018675295,13.890614890203532,-1.870909155980744
01/01/2025 00:05:00,2.099884444098012,11.6982523126915,-3.29427409598874
01/01/2025 00:05:05,-3.8546449654046273,13.439729771467974,-1.180821615262622
01/01/2025 00:05:10,-0.9813943491804156,8.040881293301307,2.4494494862297254
01/01/2025 00:05:15,-1.9539560280578436,5.997204448449824,-2.823655019262241
01/01/2025 00:05:20,2.95168580315887,5.679807015869466,-2.1266961725343383
01/01/2025 00:05:25,3.676558878359925,13.617309899550266,-3.426356107869383
01/01/2025 00:05:30,3.679021738966007,10.270004169426,2.2394556948293167
01/01/2025 00:05:35,1.8979393725277949,9.30161323194432,-2.5847378841258624
01/01/2025 00:05:40,-3.136162986192887,11.510923644612191,-2.9247548194194666
01/01/2025 00:05:45,-3.535265783260203,5.920126328094498,-3.485194566525022
01/01/2025 00:05:50,-2.234940118561776,7.5719817995028915,1.1991913012682989
01/01/2025 00:05:55,2.609345544375378,11.565351832714224,-0.8127001994364933
01/01/2025 00:06:00,2.9987537726133224,6.767618700537073,-3.0734651023459527
01/01/2025 00:06:05,-3.603081727659804,13.765178469826092,2.2108224199662456
01/01/2025 00:06:10,-2.83115481700336,6.188884698344018,-2.5700253679151395
01/01/2025 00:06:15,-0.4263010683029238,9.248740365833417,-1.4161627385388318
01/01/2025 00:06:20,-3.734381990165226,5.533225388307463,-0.186461824834311
01/01/2025 00:06:25,-3.713893224511252,11.18749157044872,-2.85719017293433
01/01/2025 00:06:30,-0.7846622779227677,8.998518485162709,-2.5672351599569714
01/01/2025 00:06:35,-1.384732461042828,7.244173580292291,1.097133838104277
01/01/2025 00:06:40,0.0654414880662965,10.087848361395269,0.6047495662061726
01/01/2025 00:06:45,0.7183618433030432,9.157913129136984,0.257675730030769
01/01/2025 00:06:50,0.4535399484477089,8.393732242566083,-0.8434437750724462
01/01/2025 00:06:55,-0.0119787435461491,5.322598797947978,2.0154033898320525
01/01/2025 00:07:00,-1.553788533349407,6.294380142707444,1.4380018110634007
01/01/2025 00:07:05,1.3180202128684564,5.588807006642289,-3.286132608304113
01/01/2025 00:07:10,0.3490939753277162,9.860432024379374,-1.241299057435208
01/01/2025 00:07:15,-3.069023506341874,6.571982882112007,-2.8587102769711774
01/01/2025 00:07:20,-1.4989297473407928,12.004313376950302,-2.938242977070936
01/01/2025 00:07:25,2.355832751155236,12.1307552317288,-0.1797972272146402
01/01/2025 00:07:30,-0.9749402717011508,8.548736008154822,-1.5753503045614663
01/01/2025 00:07:35,0.6446746502208183,5.294484667299884,2.297153826189615
01/01/2025 00:07:40,0.0192511785487283,11.16751238900756,-1.4741049709248586
01/01/2025 00:07:45,1.044393998928129,8.928830503894455,-0.4937670579171438
01/01/2025 00:07:50,2.981346092459564,10.065305618682268,-2.9105557901182277
01/01/2025 00:07:55,3.9402670489830847,8.726966266119062,-2.8079723488364428
01/01/2025 00:08:00,-3.4110500894452285,9.22068850434542,1.4681205897193692
01/01/2025 00:08:05,-3.5400410678974006,7.574748018713863,0.152088898189366
01/01/2025 00:08:10,0.3291770259748476,10.390330387060024,0.7274525578201181
01/01/2025 00:08:15,3.8454180923816335,13.640624562020683,-2.271863605397603
01/01/2025 00:08:20,-3.27630633248666,12.06515388231306,-1.9444880488976704
01/01/2025 00:08:25,-2.011178670561756,6.15070535091925,1.2522625194760877
01/01/2025 00:08:30,0.8176508576111896,10.337639825055078,-2.4259912585466488
01/01/2025 00:08:35,3.773501513413965,6.982104322197049,2.051593842842917
01/01/2025 00:08:40,0.5430522601615309,7.524777477944023,0.0705281214310638
01/01/2025 00:08:45,1.1224869146714471,10.012102493388744,-1.2957234881550148
01/01/2025 00:08:50,3.2633717867184258,11.168756584441752,-1.5531128175509883
01/01/2025 00:08:55,-3.40818407831326,8.630490391069252,2.316350800081549
01/01/2025 00:09:00,-1.170255586835461,9.185120870627474,-1.0887171337487445
01/01/2025 00:09:05,1.4181752281208042,8.296268817326593,-1.881811047513699
01/01/2025 00:09:10,2.3399830644481945,7.574682521769329,1.5280353454518805
01/01/2025 00:09:15,-0.1109254754486279,11.404953562021714,-1.9757682278139803
01/01/2025 00:09:20,3.401149692936981,13.958621866163384,2.144512580647215
01/01/2025 00:09:25,-2.5231417393818005,9.444160322502311,0.54874425272263
01/01/2025 00:09:30,2.713334512722673,11.626456531552368,1.6913601303986925
01/01/2025 00:09:35,3.879674993451951,9.454197090132933,-3.72295598165132
01/01/2025 00:09:40,-3.5797429601629984,8.95558108191794,1.3719912024635037
01/01/2025 00:09:45,-2.20609103807284,7.166681430381778,-0.7139030496144005
01/01/2025 00:09:50,-1.8307162521493805,7.997353202796142,-3.476786419168072
01/01/2025 00:09:55,-1.0451931575164906,9.105346961997084,-1.3658295324195602
01/01/2025 00:10:00,-3.600716949211855,11.258124661454143,-2.079418283169701
01/01/2025 00:10:05,-3.158899984977069,12.840199357336171,1.439488309999156
01/01/2025 00:10:10,-1.2231526282817626,8.007499399368214,-0.010608379225264
01/01/2025 00:10:15,-2.093454374048953,9.991296371673316,-2.00090385713669
01/01/2025 00:10:20,2.983566637951196,6.875012465764202,-1.1122567009562792
01/01/2025 00:10:25,-3.2988389402562883,9.251588056457702,-2.8359295458812017
01/01/2025 00:10:30,-2.667486080612882,11.2371909234589,0.1778210971685561
01/01/2025 00:10:35,-1.1715165224155557,11.87959598193789,0.1592867023414204
01/01/2025 00:10:40,3.059365129447138,10.673380553192631,-2.5111560894754428
01/01/2025 00:10:45,1.5366848082718123,7.1275442144136845,0.208701519341802
01/01/2025 00:10:50,1.370975585588794,6.871430879828154,-2.932483303072075
01/01/2025 00:10:55,-3.1293902517176697,10.559981166679153,1.9047139503105164
01/01/2025 00:11:00,0.4686008003002126,8.588884512059884,-2.387946252986101
01/01/2025 00:11:05,-2.6448470540390567,12.581216391667486,1.714450385581633
01/01/2025 00:11:10,0.8997221369397788,11.763838617071247,-2.16887113642432
01/01/2025 00:11:15,3.481214779134386,13.460016760438148,-3.3861841371836925
01/01/2025 00:11:20,-2.792601519565466,10.399824487228958,-3.031526404948838
01/01/2025 00:11:25,3.380136267396868,12.98978716777767,-3.4019544381620617
01/01/2025 00:11:30,-3.919376688698182,9.76950794974924,-0.9123740583804684
01/01/2025 00:11:35,-4.03339466856717,8.838316152276924,1.7627910647970313
01/01/2025 00:11:40,0.8616163233521905,8.607311021856955,-1.0241155963123414
01/01/2025 00:11:45,-3.351607631386087,11.956062238798696,1.056562414759402
01/01/2025 00:11:50,0.6569752150800183,8.220336511567522,-0.1890727956863296
01/01/2025 00:11:55,-0.8926312002824615,9.631737800934957,-1.7791480874262833
01/01/2025 00:12:00,2.0681096214886643,11.533649759814228,1.6996924437830514
01/01/2025 00:12:05,1.872823500567964,12.60118707518579,0.1720838781269638
01/01/2025 00:12:10,2.470749671550345,8.282754606961612,-3.5452915329508574
01/01/2025 00:12:15,1.1902812854924003,8.487797335761334,2.325238410409924
01/01/2025 00:12:20,2.2919746682889683,13.060244863800538,1.801097953233747
01/01/2025 00:12:25,-0.4011622923876659,8.520000852715757,-1.8264845880345568
01/01/2025 00:12:30,0.5102317012017785,9.030933009814143,-0.2107464535822734
01/01/2025 00:12:35,0.382522051851204,14.0124712632702,1.9565116966849063
01/01/2025 00:12:40,-4.009842283578784,13.874995140355823,1.4331746559535108
01/01/2025 00:12:45,3.822944447580781,11.494060256314796,0.3490134819771824
01/01/2025 00:12:50,1.8689602629298387,11.02255447450555,-0.3505685089796024
01/01/2025 00:12:55,0.8024724973466411,7.325898221693254,-0.1788061870099606
01/01/2025 00:13:00,0.1123058213066112,13.805221807823056,-3.729328464842872
01/01/2025 00:13:05,0.9669608724084492,5.346125963694886,-3.763346347664097
01/01/2025 00:13:10,0.2317310034235986,11.023775773658858,-2.717547738731208
01/01/2025 00:13:15,2.247462695238827,11.847381736665056,-2.185998354167807
01/01/2025 00:13:20,-1.4891364659554562,8.547667357843503,0.6962944120923464
01/01/2025 00:13:25,-1.459186247391295,5.773399739753787,-2.424124525676382
01/01/2025 00:13:30,-0.5077998679792588,8.853322994056477,-0.4364616769176259
01/01/2025 00:13:35,1.5265668952839535,10.894058410380904,-0.0115258275497005
01/01/2025 00:13:40,-1.9242952892862997,11.911968526781536,-2.165188409040855
01/01/2025 00:13:45,3.3638835768128788,5.395692454898075,-3.045931033863153
01/01/2025 00:13:50,3.896919675426824,8.631235754503535,0.3097738150572513
01/01/2025 00:13:55,3.888731237276116,6.261883463493161,-3.629619474653062
01/01/2025 00:14:00,3.66676078249539,8.952856522597157,-1.5258315631582222
01/01/2025 00:14:05,-3.922955972480501,13.73734784397882,0.0133827604071457
01/01/2025 00:14:10,3.8726873770525696,13.791820549253291,-0.9055112474834272
01/01/2025 00:14:15,3.3737733449623457,6.537000006718341,0.2950648661162716
01/01/2025 00:14:20,2.1959559548940235,13.099172571178766,2.311320761477568
01/01/2025 00:14:25,-1.3692961653324875,10.239685970767564,-2.172911786706229
01/01/2025 00:14:30,-3.648410805303344,5.860687789672538,2.1035990945021754
01/01/2025 00:14:35,2.227620216441955,8.695467075446398,-2.300192160037162
01/01/2025 00:14:40,-3.739061934643317,5.883558374604402,2.1162119298278017
01/01/2025 00:14:45,-3.9456115896079194,11.423313514323585,-3.742745807148117
01/01/2025 00:14:50,3.5442295135793103,9.963224407588612,2.4463046449507697
01/01/2025 00:14:55,-1.7703011687502976,10.760959348394268,-1.7321974064867895
01/01/2025 00:15:00,-1.8681738270938435,10.532399257230937,-2.093943318016377
01/01/2025 00:15:05,-4.036823412031239,5.415803540704159,2.021456236412768
01/01/2025 00:15:10,-3.60730709303396,13.476412844171284,-1.3890857896188986
01/01/2025 00:15:15,-2.9085923726202525,12.143470723366509,-3.717254044888016
01/01/2025 00:15:20,-3.677817551975766,5.415570462320654,-2.054874383943759
01/01/2025 00:15:25,-2.8778309170289944,12.014015589738529,-0.4106854392016419
01/01/2025 00:15:30,-0.4025266133880392,7.488059771986428,1.606340505293265
01/01/2025 00:15:35,1.5220958975991985,11.51271531587576,-0.5038410194958385
01/01/2025 00:15:40,-0.981198798746234,12.991191168088283,1.7870697407013538
01/01/2025 00:15:45,2.053160979179204,10.754623107220713,-0.4187312094381568
01/01/2025 00:15:50,2.770200765898084,11.828106710320892,-2.4097099743159527
01/01/2025 00:15:55,-2.5145083404460022,5.945835553527648,-3.029787623983904
01/01/2025 00:16:00,-2.6021141146152016,5.681353549746151,-1.6192427621976613
01/01/2025 00:16:05,-1.5346261291793284,8.672316964372317,-0.2259692244450546
01/01/2025 00:16:10,-3.465635886293516,5.537117494384483,0.2240731884046858
01/01/2025 00:16:15,0.6433472856401075,11.412758975165266,-0.5762017068336638
01/01/2025 00:16:20,-1.8611012357780647,8.086431898278866,-0.9062756827749467
01/01/2025 00:16:25,3.517196690501474,13.62562054024158,-2.454595334371656
01/01/2025 00:16:30,-2.278277613210038,9.100709613853631,-2.3323845411165034
01/01/2025 00:16:35,0.3673739163858385,6.101090745183341,-1.0321322676894031
01/01/2025 00:16:40,-3.1103319705508032,6.873139052184389,2.3944811183846078
01/01/2025 00:16:45,-3.0275853910289503,12.799418258063024,-1.3511842060628945
01/01/2025 00:16:50,-2.0416152672887,11.85755668848958,-0.3416900299240533
01/01/2025 00:16:55,-0.7705466242283836,7.279846220672894,0.6375922594802166
01/01/2025 00:17:00,-0.0110409514077316,9.38905599833648,-0.2297200836281061
01/01/2025 00:17:05,-1.6901202880609143,6.611126350626009,-2.4457258333975216
01/01/2025 00:17:10,2.518270218682957,12.937639218221296,-2.299432942644188
01/01/2025 00:17:15,-0.7510183576036547,12.391181898824358,-2.975761346872434
01/01/2025 00:17:20,1.2695499520950355,9.00026550526913,-1.253618752528755
01/01/2025 00:17:25,-2.897749788687564,7.885961023004788,-2.8167522074105493
01/01/2025 00:17:30,-2.838316060124165,5.822223176590942,2.122885005956113
01/01/2025 00:17:35,-0.5702436078371722,13.827749111428824,0.8712327235556132
01/01/2025 00:17:40,-3.8438715748675834,10.982980647715802,2.470221445831417
01/01/2025 00:17:45,-1.7165741735309454,10.603346139037416,-1.7949834897638328
01/01/2025 00:17:50,-0.3164699321623923,11.358054705169025,-3.703844921862496
01/01/2025 00:17:55,-3.49511209984099,6.645944298818122,0.1823415921361477
01/01/2025 00:18:00,-4.145539798150362,12.396548936578066,2.311493533603157
01/01/2025 00:18:05,-3.704104208480144,13.926978245756072,0.5151371815534409
01/01/2025 00:18:10,0.9125386031675596,13.6903970407706,-3.358148052524299
01/01/2025 00:18:15,-1.8548828720683743,9.08538111631186,-1.1132698018543912
01/01/2025 00:18:20,1.334075172880532,10.33507420016742,-1.7462770039515754
01/01/2025 00:18:25,2.636410385416721,10.730673075917842,-2.071264342178069
01/01/2025 00:18:30,-2.2099496248634494,9.69706076593502,1.2450634540961905
01/01/2025 00:18:35,-1.9314726296598308,9.57135171088282,-1.1299579347014443
01/01/2025 00:18:40,-4.0751222806921374,5.68650154919016,-2.621906071360215
01/01/2025 00:18:45,0.4214712354013703,5.8794277171726,-0.3777192253240531
01/01/2025 00:18:50,1.1240497202065662,8.712472485366542,0.5009604924533182
01/01/2025 00:18:55,3.713539949334399,8.85338234477599,-1.0983781606228271
01/01/2025 00:19:00,1.838647607140865,10.82015702610344,1.3781120509295737
01/01/2025 00:19:05,2.7721475745232915,10.027980762284638,-1.2673088938154458
01/01/2025 00:19:10,2.923094240005246,5.970001541402419,0.7187411677830435
01/01/2025 00:19:15,2.1410253659467355,7.225676880768363,0.4570419466384012
01/01/2025 00:19:20,3.7350784489064814,10.356109061746128,-1.3402602885756196
01/01/2025 00:19:25,1.8536902457462336,7.572507206552823,-0.2489463459194261
01/01/2025 00:19:30,-1.0981298792072,8.876369122257557,0.4396788488225054
01/01/2025 00:19:35,-2.344008040226031,10.545683934258774,-3.3674795093000216
01/01/2025 00:19:40,-1.4815860768693812,8.190543476920565,-0.2223460273477115
01/01/2025 00:19:45,-0.7003932884003372,6.807479277599702,-3.1339938702292107
01/01/2025 00:19:50,0.8054778032109335,9.543314179929936,0.2525400163991382
01/01/2025 00:19:55,-2.1295239396093546,11.59924491847605,-1.3138520180491406
01/01/2025 00:20:00,3.6220274299176407,13.444354816800494,2.4365996446952822
01/01/2025 00:20:05,1.7230815067753569,9.87047321863808,-1.3176372469608606
01/01/2025 00:20:10,2.639218462257448,9.693846897197549,0.4133375632859621
01/01/2025 00:20:15,0.1745736162125024,11.42336737258984,-1.2813381262340666
01/01/2025 00:20:20,0.5344698050940866,13.321401240733758,-3.770097890849408
01/01/2025 00:20:25,-4.129698882358835,5.912573795032596,-0.8595631424958712
01/01/2025 00:20:30,-1.83981218717113,9.39041752093155,-1.414138536407508
01/01/2025 00:20:35,-0.1050457860633957,10.159254239418516,-1.9350718740981985
01/01/2025 00:20:40,0.347650724096225,7.221569146849924,-1.820668452744472
01/01/2025 00:20:45,-1.4425231633622455,11.031603538649014,-0.0975472627889577
01/01/2025 00:20:50,1.9857120615654016,7.943813040210435,-1.528953046793942
01/01/2025 00:20:55,0.6203228705800785,5.519179055724106,-3.673529607784745
01/01/2025 00:21:00,-3.118190237930685,5.391193233448834,-3.624129520961481
01/01/2025 00:21:05,-1.150604166561434,8.06300578536397,0.9429256258399916
01/01/2025 00:21:10,-3.937420623699704,13.203384300272116,-0.3172402448993674
01/01/2025 00:21:15,0.9208807868010468,9.35267766402795,0.2749963364570393
01/01/2025 00:21:20,0.4302705378240685,5.648390166100703,0.7725351095769457
01/01/2025 00:21:25,1.0890732262105267,9.171736541242074,0.0853255347505417
01/01/2025 00:21:30,1.1788087784245898,8.37502513911864,0.8951015772635618
01/01/2025 00:21:35,0.8665607016948278,11.677646402119588,0.884545552152717
01/01/2025 00:21:40,-0.0123354553658683,8.171018809428919,0.4798726441187164
01/01/2025 00:21:45,3.568997516149828,12.178875953267111,1.2563838808125722
01/01/2025 00:21:50,-1.4093497186527273,6.704555625217219,0.0338623586923576
01/01/2025 00:21:55,-1.9568769167865407,12.3407158525776,-0.3608733539918374
01/01/2025 00:22:00,-3.295518663027925,6.44034074680789,-0.9982283632596622
01/01/2025 00:22:05,-1.1489069280236344,7.214658144233584,0.5238134370402205
01/01/2025 00:22:10,2.0134361303031736,13.542447631496644,-3.726419470920664
01/01/2025 00:22:15,1.4862620515525755,10.176216408438892,1.617587198023184
01/01/2025 00:22:20,1.493663291923966,12.314872629173388,-3.3869915106077477
01/01/2025 00:22:25,-0.9659221815132047,13.463948419050633,-3.277552307127513
01/01/2025 00:22:30,-1.3919051760306118,5.934127610109829,2.113002610653273
01/01/2025 00:22:35,-3.537267916277572,14.00143180329032,-1.036949995706947
01/01/2025 00:22:40,-4.1037327560046855,5.246322874862634,2.014831233099644
01/01/2025 00:22:45,-2.831623410469952,6.585035383779121,-2.4914938927241197
01/01/2025 00:22:50,-4.05004964775806,13.768383905951945,2.099682922005859
01/01/2025 00:22:55,2.660060310043041,11.98583426843242,-0.69250218529434
01/01/2025 00:23:00,2.381655197127026,7.690518588379906,-1.4436394773764394
01/01/2025 00:23:05,0.8104737117365897,8.197591023387616,-0.1600495097799212
01/01/2025 00:23:10,-1.04828123138526,7.993252540752813,1.806695407922156
01/01/2025 00:23:15,3.1416746081905718,12.31779198367238,2.060547056268211
01/01/2025 00:23:20,1.7396970592570375,12.08554310650859,-1.4379809169192292
01/01/2025 00:23:25,-2.9235231586796404,10.994794985574751,1.316687926811271
01/01/2025 00:23:30,0.053280317660143,10.711714960499386,-3.114630016317904
01/01/2025 00:23:35,-1.9273773595952013,9.083582585426624,0.3266080302611303
01/01/2025 00:23:40,-1.3984131780877955,9.636510113157188,-0.413573056929956
01/01/2025 00:23:45,-3.083483585058614,11.420689209319072,-2.9104809054011254
01/01/2025 00:23:50,-0.0092381575267794,6.647895065132345,-1.673862114778602
01/01/2025 00:23:55,0.6012146257094657,11.008200959074044,-0.6821917891306319
01/01/2025 00:24:00,-0.755035894327313,10.193343707010008,1.8690920814571952
01/01/2025 00:24:05,-0.0060634116520499,13.532166684250766,-3.555417751934215
01/01/2025 00:24:10,-1.949631937713492,9.83072422791099,-1.105243060556783
01/01/2025 00:24:15,3.5246914200356376,5.711083663727925,1.4002543284727422
01/01/2025 00:24:20,1.023540413931315,9.240687132824206,-2.02564459332761
01/01/2025 00:24:25,-4.132784689816091,10.387527869598514,-0.6475522302261005
01/01/2025 00:24:30,-1.140206903782474,11.621566309254217,-0.8393345031873967
01/01/2025 00:24:35,1.7874032171053114,8.54512684443635,-0.7765912419922827
01/01/2025 00:24:40,0.5488682225662274,6.128186206667688,1.5460023054395364
01/01/2025 00:24:45,3.6402454160558873,8.118437146295184,0.2584568069589386
01/01/2025 00:24:50,-2.4276963180758937,7.209612078461672,-0.2843388372086002
01/01/2025 00:24:55,2.565008473701366,8.196676078818806,-1.376982191433727
01/01/2025 00:25:00,2.611147412121585,9.06372220485423,0.00191882087773
01/01/2025 00:25:05,-3.3100844106349543,11.26639448348904,1.6070845374821372
01/01/2025 00:25:10,1.418961242183844,7.939838962007482,0.5724136850154355
01/01/2025 00:25:15,-2.834342680084709,6.907778070655892,2.181378302031633
01/01/2025 00:25:20,0.6435314881278216,11.05345881275252,-1.5913394741228886
01/01/2025 00:25:25,-2.257143972459178,8.376431668296755,0.0570743242438283
01/01/2025 00:25:30,-3.275423082947919,9.969315990888276,1.7251933181871122
01/01/2025 00:25:35,0.8715711211441866,9.439447418380064,0.2038128246630766
01/01/2025 00:25:40,1.2931238313430584,5.241559221899939,-3.067010619805917
01/01/2025 00:25:45,-1.719314070773979,8.860494127202008,-2.0566847485686304
01/01/2025 00:25:50,0.0957557884201736,7.828152040331616,-0.8711545658432676
01/01/2025 00:25:55,-3.6382530511747815,5.27745684317618,-3.775116252387167
01/01/2025 00:26:00,-0.3029835656802704,11.217150493718169,-2.160326284120348
01/01/2025 00:26:05,3.858189104326157,12.286008920260208,-1.5774340566372762
01/01/2025 00:26:10,-1.469689093588073,5.664426172995241,-2.605256316884338
01/01/2025 00:26:15,-3.783990761858053,9.523345181669953,0.2853067772039845
01/01/2025 00:26:20,0.9611912687994284,8.003747130659269,-1.0513727294696829
01/01/2025 00:26:25,-2.171219113682452,8.947589260098685,0.1758414115210658
01/01/2025 00:26:30,-3.081711182981623,7.237413534788603,0.3977565787938748
01/01/2025 00:26:35,-0.3866646747045548,8.80166922488833,0.4718587219985282
01/01/2025 00:26:40,-3.888488293023877,13.502206950398056,-3.5797122158696952
01/01/2025 00:26:45,2.184005903633975,13.859707552736012,2.3880540174529328
01/01/2025 00:26:50,-3.2774180094485565,9.985693780761132,-1.8179171722361247
01/01/2025 00:26:55,-2.0099328169108284,13.141872012824118,1.3669522433816383
01/01/2025 00:27:00,-1.8976677383907825,9.107880733245668,-0.2398898719783968
01/01/2025 00:27:05,3.333939591920392,14.049449276777246,-2.806929805970909
01/01/2025 00:27:10,3.010429052962716,13.7940209441497,-3.3018565752990305
01/01/2025 00:27:15,-1.0713225699937723,10.953821395833694,-2.2274114344125966
01/01/2025 00:27:20,-3.1708389902184053,11.605770541803356,1.603995474979069
01/01/2025 00:27:25,2.266977845490552,13.91544777704914,2.012668987982908
01/01/2025 00:27:30,-0.3179799875306033,11.725493363775763,-0.4704440285929383
01/01/2025 00:27:35,0.2092219365888539,7.582958083332128,0.2056708923311863
01/01/2025 00:27:40,0.1808883459464407,12.566478038801913,0.0278597242293816
01/01/2025 00:27:45,-1.3085680449868962,11.500334884516246,-1.978434832047336
01/01/2025 00:27:50,2.2388635942698887,12.256840534664311,-2.662520836979772
01/01/2025 00:27:55,-0.9806830435722108,13.901895073602129,2.1896929328978314
01/01/2025 00:28:00,-0.3187559168029903,13.564961367732568,-3.606690851068416
01/01/2025 00:28:05,-1.5483999088773723,10.684935840262344,-0.924316431351019
01/01/2025 00:28:10,0.8966078181330879,11.442139190439994,0.4811279153254277
01/01/2025 00:28:15,0.1372062117324244,13.40661138406404,1.866240112182571
01/01/2025 00:28:20,-1.1824607066517083,11.679964632200448,0.4364076475192751
01/01/2025 00:28:25,3.734066505436094,13.653033311189722,1.7351287978757566
01/01/2025 00:28:30,-1.489517186710935,5.978499939396261,1.6540068861431796
01/01/2025 00:28:35,-1.4207603189457123,5.806687417681165,-2.676719617940875
01/01/2025 00:28:40,3.9578433100813,13.022253707029328,2.1949130269791493
01/01/2025 00:28:45,3.763287116957269,10.18272160181795,-0.5414000971111586
01/01/2025 00:28:50,-0.4326667665839956,11.07390417692563,-3.290540611804833
01/01/2025 00:28:55,-1.858469289644053,7.279595205249241,-1.9993397189393984
01/01/2025 00:29:00,3.336062823596638,13.949639816601426,-2.085276304491241
01/01/2025 00:29:05,3.7385292688983647,6.150751006921928,2.1613846714402607
01/01/2025 00:29:10,0.0547271548516525,13.204910179042646,-0.1244942560955104
01/01/2025 00:29:15,-1.2332261337642108,6.070505972092271,1.7819940633566749
01/01/2025 00:29:20,2.339664138403153,9.718485113763972,-0.7452200215887086
01/01/2025 00:29:25,-2.29107627515666,7.361896178269211,-1.6934485859435742
01/01/2025 00:29:30,2.534843805896426,14.007295336597233,1.0134606987326529
01/01/2025 00:29:35,-1.66118420047726,7.370937274963552,-3.609819365412906
01/01/2025 00:29:40,-0.5312482620225611,11.32500236237548,-1.59641676872268
01/01/2025 00:29:45,2.555419178415839,12.119508648817895,-0.8706056726449045
01/01/2025 00:29:50,2.2461776778351847,6.744352821251922,-0.1672280464248836
01/01/2025 00:29:55,2.466981764324316,11.396788635698544,1.8185651454929008
01/01/2025 00:30:00,-3.614911540793648,13.5938017440806,0.8906963545776514
01/01/2025 00:30:05,-1.336220984699889,8.25967851427781,-0.3861836419102444
01/01/2025 00:30:10,-2.591872648484369,10.497095310629426,1.7049862884307418
01/01/2025 00:30:15,-3.36634621802823,9.756108471582724,1.5599982987985996
01/01/2025 00:30:20,-3.722627940818835,6.607288350675213,-2.0752416882130773
01/01/2025 00:30:25,-1.988502317449744,7.443032877516559,1.209334051510582
01/01/2025 00:30:30,2.441089519735694,5.569333829533657,0.8938667573334276
01/01/2025 00:30:35,-1.3790073850597706,7.097325972158946,-3.1161864183579917
01/01/2025 00:30:40,2.127069885032288,9.92680196501341,-1.355116142890696
01/01/2025 00:30:45,-3.787390681944947,11.438866027491889,-2.364316768654089
01/01/2025 00:30:50,1.6754465668295482,13.804465207353974,1.5579838141477145
01/01/2025 00:30:55,-4.103691777104462,6.711415181292991,-0.6569843964893964
01/01/2025 00:31:00,3.4552258032395384,13.580681585491208,-3.2818977837346504
01/01/2025 00:31:05,1.199180704318764,11.157962844443526,2.35155771158652
01/01/2025 00:31:10,-3.356279227528353,7.674338458183605,0.0694779514771775
01/01/2025 00:31:15,0.539383236052561,11.477257935038333,-3.742281086358783
01/01/2025 00:31:20,-3.796380076663152,5.66838726529817,-3.6749806778211833
01/01/2025 00:31:25,3.4414279758929496,5.620297241290112,-2.68703524472734
01/01/2025 00:31:30,-1.817644428053918,8.890424800052028,1.8446906248070771
01/01/2025 00:31:35,3.6971744250009047,5.667200314618849,1.985116177311403
01/01/2025 00:31:40,-0.9295110041919454,7.946270392643258,-1.379001704424009
01/01/2025 00:31:45,-3.755106751338847,12.57383915727953,-1.5183560124929194
01/01/2025 00:31:50,0.6549640225529245,12.018758250872484,-1.7904100642286886
01/01/2025 00:31:55,1.2679294085224535,11.197848718247563,-2.270939871737689
01/01/2025 00:32:00,2.7842178064805223,6.586075992935072,1.5418308166542352
01/01/2025 00:32:05,-2.5650343630506507,12.550063934095586,-2.9272435000308987
01/01/2025 00:32:10,-2.4076576948192585,10.979016080434064,-2.2825171198757594
01/01/2025 00:32:15,-0.9869350324293438,11.933567839689148,0.0993328225501244
01/01/2025 00:32:20,3.4669105325908665,6.443060990806505,-1.4989384724664618
01/01/2025 00:32:25,3.2502175994547806,5.595029719064028,-3.0006226936357745
01/01/2025 00:32:30,3.6134996771432073,8.874177162942809,-3.562330516276494
01/01/2025 00:32:35,-1.2700383038706224,13.17033924991285,0.4526524097692612
01/01/2025 00:32:40,-0.3378453171954967,6.6600936632979,-2.41343851559654
01/01/2025 00:32:45,-2.5742757794730107,6.890358471154427,-2.427464034918758
01/01/2025 00:32:50,-2.3551443228619826,9.246601345720434,-1.797164461836939
01/01/2025 00:32:55,2.744868776711381,6.741190868964574,-1.287071352365339
01/01/2025 00:33:00,-1.1857862000421644,11.657768849947685,-1.3621959998533475
01/01/2025 00:33:05,2.0625355435812,8.363871511179577,0.6093703948114362
01/01/2025 00:33:10,3.579347440552647,8.853545240021568,2.378058489401797
01/01/2025 00:33:15,-0.2933693290816128,7.062783147936271,-1.620639723759422
01/01/2025 00:33:20,3.2714978113214115,10.424563316850694,-3.537106186447743
01/01/2025 00:33:25,3.771577843956032,11.955712249796113,2.469125972973058
01/01/2025 00:33:30,2.13839774126328,6.717306933857966,-0.1806054782442108
01/01/2025 00:33:35,-2.4367587442761263,14.001843939615284,0.8651449826544497
01/01/2025 00:33:40,-2.8219318623563856,10.748071970984942,-3.3058625869111284
01/01/2025 00:33:45,-1.7367511534649431,7.101368367285323,-1.1344759792710015
01/01/2025 00:33:50,-2.890347220545797,13.518922445280449,2.2035257044868444
01/01/2025 00:33:55,2.0591098979183458,8.287564646019952,0.2841025135780097
01/01/2025 00:34:00,3.863723299039624,12.619255091105824,2.4666621205326846
01/01/2025 00:34:05,1.1987677921681388,13.536146691369186,-1.9576224797036927
01/01/2025 00:34:10,-1.6331133346088975,8.07416056735601,0.5159164445837638
01/01/2025 00:34:15,-0.0661954537105602,10.84140678760939,-0.8958277737541056
01/01/2025 00:34:20,1.1050527771715903,13.933014127127649,0.124910359963164
01/01/2025 00:34:25,-2.7783102130749304,12.637630546804209,-0.7205677769075454
01/01/2025 00:34:30,2.0745181582845915,7.036906850904634,-3.469760968918406
01/01/2025 00:34:35,1.1245870648451928,8.012992811407603,-0.582419519371274
01/01/2025 00:34:40,3.0328844415890703,11.875088816570432,1.9704511707088987
01/01/2025 00:34:45,-3.393569988072376,8.066812326510842,-3.3446537838546213
01/01/2025 00:34:50,-1.0946507670156906,13.40782454543241,0.1369366415014097
01/01/2025 00:34:55,1.1466810936592535,6.343855500651693,-2.032446063027126
01/01/2025 00:35:00,3.416302464149492,7.137039435860539,-3.592807433793141
01/01/2025 00:35:05,1.2097177332209197,12.0266534615629,-3.48153524907655
01/01/2025 00:35:10,-2.350041423039392,9.719954306222782,-1.25818790073067
01/01/2025 00:35:15,-2.165973872981408,9.910280119064373,-1.2959612022575928
01/01/2025 00:35:20,2.131823590809121,11.173889112854887,-2.129959496833269
01/01/2025 00:35:25,3.5342946925057643,6.003330707853228,-3.126320568587168
01/01/2025 00:35:30,-3.248682871223086,12.377002605492647,-3.008632811729227
01/01/2025 00:35:35,-3.516802092182727,8.198884908711973,2.45972360551668
01/01/2025 00:35:40,2.7425106367103878,7.060096813210344,-3.1539733226552733
01/01/2025 00:35:45,-3.924620262881176,13.695148097568778,-3.02741376141093
01/01/2025 00:35:50,-0.6502506075264236,10.272827114842944,1.777462190090247
01/01/2025 00:35:55,-3.4366580939981164,9.16381698220266,-3.160702259870271
01/01/2025 00:36:00,2.469165101022464,5.816657100521937,-3.3101120651113987
01/01/2025 00:36:05,1.0399622083876403,6.754041806843108,-1.4742284635154808
01/01/2025 00:36:10,-3.204968401183004,7.437255353237569,1.5945878576377202
01/01/2025 00:36:15,-2.426050741172776,6.54723711195443,-2.5031441186538066
01/01/2025 00:36:20,-1.0415303943417002,10.029921578930177,-0.7566314800664933
01/01/2025 00:36:25,3.724568753401456,5.946598304056241,2.006087845516501
01/01/2025 00:36:30,1.4988584921033872,8.859922693406629,-2.0172327976154216
01/01/2025 00:36:35,-3.4174792598913397,13.00343207677575,0.6554315273427784
01/01/2025 00:36:40,0.1140999408745169,12.635237181969808,-2.046044276143673
01/01/2025 00:36:45,-3.6595682581755264,8.600543990820793,0.4318219225731603
01/01/2025 00:36:50,-4.031076120326752,13.500662266853736,-1.7857535809588976
01/01/2025 00:36:55,2.168534886693226,8.503289990853043,0.7719052129548793
01/01/2025 00:37:00,-3.4092500844836726,13.138721001533971,-2.6046184528287646
01/01/2025 00:37:05,-1.4460508504136809,5.961134950292789,-0.8180284117875918
01/01/2025 00:37:10,1.3642499352293802,10.427965648858958,-1.141491921487123
01/01/2025 00:37:15,1.0680154638599526,9.901901401174923,0.5835255146605558
01/01/2025 00:37:20,-0.5952195122079922,5.776942655057243,-3.62388618577654
01/01/2025 00:37:25,2.4884426015602465,5.899576939844583,1.375192360886706
01/01/2025 00:37:30,2.6387553564751145,12.225945068119678,-3.7087605450734182
01/01/2025 00:37:35,-1.2036384874616368,10.689094823745153,-1.901873035950731
01/01/2025 00:37:40,3.825873336261538,5.870664760504782,2.247834836640102
01/01/2025 00:37:45,0.547996986166305,8.0881353694534,-0.8479821206915501
01/01/2025 00:37:50,-1.7221522604640538,9.002567570889688,-1.1601151063763508
01/01/2025 00:37:55,2.2277340368631955,8.108426363931143,1.2411899131749304
01/01/2025 00:38:00,0.0687392891534934,8.834405105739648,-0.0331584471661794
01/01/2025 00:38:05,-3.656609393017156,13.97444084193344,-0.3177996008142494
01/01/2025 00:38:10,-3.9744427093662447,13.765433160589843,-2.329089778551469
01/01/2025 00:38:15,3.383746814152085,7.701763438859994,0.9162523164265576
01/01/2025 00:38:20,2.2093948740649405,5.295096257033896,-3.2934508199244474
01/01/2025 00:38:25,-1.6619462096965787,5.48923425372163,-3.569851391638032
01/01/2025 00:38:30,2.041424669976523,11.930689934260066,0.9701151911421552
01/01/2025 00:38:35,3.968990191306956,13.6881576648138,2.316984633432253
01/01/2025 00:38:40,-1.5669745511302753,7.520726049997947,-1.01905671843108
01/01/2025 00:38:45,-3.845214648926262,6.621626477494993,-2.4520162409942303
01/01/2025 00:38:50,-2.457201390150555,6.075205768373013,-2.5351922405600527
01/01/2025 00:38:55,-1.843817445288291,10.037161571188,-1.508355690428439
01/01/2025 00:39:00,2.167262756388717,9.07304855109047,-1.3901232130894805
01/01/2025 00:39:05,-2.7824383271139403,9.234635349589844,-2.437879120942525
01/01/2025 00:39:10,-0.90337817828703,8.184174205709603,-0.0945188595401482
01/01/2025 00:39:15,-2.4488375996617435,12.137455419592657,0.3979239979878874
01/01/2025 00:39:20,2.9107762184737798,11.011429825032357,-1.2170357597894903
01/01/2025 00:39:25,2.893364992343053,7.295479448644757,1.4753884379759712
01/01/2025 00:39:30,-3.0938167952172657,9.66476206728026,-2.632689178447828
01/01/2025 00:39:35,-1.6292390061416278,11.697760612004805,0.4672859180818873
01/01/2025 00:39:40,-0.4790385505753818,10.61417279365827,-2.4446095800859418
01/01/2025 00:39:45,0.6085821637432502,6.543079969022556,-2.303505720898732
01/01/2025 00:39:50,0.6452140283488466,13.574404034293194,-2.823818788994336
01/01/2025 00:39:55,-1.3923977307611188,13.12265208073629,-1.4396163318804005
01/01/2025 00:40:00,2.048167187839368,7.7833722646120975,-1.6236547694002916
01/01/2025 00:40:05,0.0891397938084095,6.259268813653559,-3.626988014371173
01/01/2025 00:40:10,-2.6955102043050827,6.305056574598246,1.4077417124390157
01/01/2025 00:40:15,-3.5847868861264947,5.623949562406035,-1.5914224573371225
01/01/2025 00:40:20,-2.5700996097379645,9.043359353326837,1.490083474629896
01/01/2025 00:40:25,2.412023101808727,13.274486682563635,-2.584075090062499
01/01/2025 00:40:30,3.5599671653294567,10.603332192168711,-3.673662284193688
01/01/2025 00:40:35,3.5939508564085427,5.878305594613432,-2.4838833677475187
01/01/2025 00:40:40,-0.0231459622908167,12.895027350700415,2.0464540628870576
01/01/2025 00:40:45,-2.344201277575133,10.195933524083877,2.233282823749537
01/01/2025 00:40:50,-3.437991329264214,10.738908711307278,-2.457680716665392
01/01/2025 00:40:55,-2.778552942254182,11.290786755388549,-3.540665261130436
01/01/2025 00:41:00,-2.873894877776941,10.757048540351189,-0.1955598530085498
01/01/2025 00:41:05,0.7686549490556036,11.560642085488954,-2.137420649100467
01/01/2025 00:41:10,-2.1987725639084346,5.422887402228855,2.4195500563469303
01/01/2025 00:41:15,0.9900984852826368,7.766329809899443,0.5751495014066128
01/01/2025 00:41:20,3.836318701057832,13.856780408651128,2.0529498940097657
01/01/2025 00:41:25,-3.6266342234158655,9.49231553419256,-2.5348803981520645
01/01/2025 00:41:30,3.74364489031678,13.545226949645937,-3.779635548452304
01/01/2025 00:41:35,-3.0239130968676258,7.499092317043899,0.6494686503409901
01/01/2025 00:41:40,-1.3898670645162996,7.776017506782075,-0.0200959247398002
01/01/2025 00:41:45,-2.6893410100088566,9.477104152185484,-2.5233770603146453
01/01/2025 00:41:50,-3.8558145870062033,9.967324820868804,2.3760921406850537
01/01/2025 00:41:55,-2.5550574167661786,6.807510609241443,1.2079480266929217
01/01/2025 00:42:00,-1.3120282219754391,12.9207360307258,-3.371061944455112
01/01/2025 00:42:05,-2.764968147075475,13.85648595370884,-2.788422465167802
01/01/2025 00:42:10,-0.4233062721843177,10.417323955152472,-0.7447479791091853
01/01/2025 00:42:15,-1.0010244683214522,8.050116510587047,-2.533997131970781
01/01/2025 00:42:20,3.2220726602228096,6.864769422689713,-3.116216254054411
01/01/2025 00:42:25,-1.5694117611165388,8.388306118587451,-0.7223917787224019
01/01/2025 00:42:30,-3.8526917408219776,13.31983546670129,-3.5572703075009944
01/01/2025 00:42:35,1.907556640425108,9.826545533456407,0.4789223287801181
01/01/2025 00:42:40,3.288256815574072,7.816982499933049,-0.8891436860264019
01/01/2025 00:42:45,0.8817987508457636,7.383629798415369,-0.9399199878926454
01/01/2025 00:42:50,-1.30140405210749,9.231378082773611,0.4144495290736305
01/01/2025 00:42:55,-0.4426894298186963,12.69015138990652,-2.313365033573556
01/01/2025 00:43:00,-1.184469427362407,8.973684135338459,-1.0564307678680498
01/01/2025 00:43:05,-1.2376914394399818,10.334433344814192,-1.1231559551915626
01/01/2025 00:43:10,-1.1355826470728003,12.755344118351015,0.3145100371553408
01/01/2025 00:43:15,0.8557205350084596,9.63542447691906,-0.957943643914286
01/01/2025 00:43:20,-3.54512485592251,13.073703874840666,-2.904939926780801
01/01/2025 00:43:25,3.9333409281305305,13.85018608367943,0.8578712898576719
01/01/2025 00:43:30,-1.1467311185092008,12.438783754310528,0.3312642376387806
01/01/2025 00:43:35,2.6521270025126538,10.43144121017082,-3.077240381239691
01/01/2025 00:43:40,2.993123340372968,6.193017901798326,-2.462348121412225
01/01/2025 00:43:45,-0.6834391164510694,11.904019973461516,-0.2697589234854605
01/01/2025 00:43:50,-2.343895902334002,9.529742488989166,0.8114870170380564
01/01/2025 00:43:55,-0.3714778738303808,9.40899468489206,-1.38537437288403
01/01/2025 00:44:00,3.0159242556289323,11.275562433665002,0.6838602139877659
01/01/2025 00:44:05,3.3437475359408366,5.942484668710777,-3.3473253011669613
01/01/2025 00:44:10,-3.8146896848139566,12.275505993853583,2.46145286185347
01/01/2025 00:44:15,3.5102738165114347,13.765700238808346,0.5071857863058176
01/01/2025 00:44:20,3.2516874765342165,7.985862592691026,1.866747457711172
01/01/2025 00:44:25,3.239772136030358,6.290771653989597,1.2575634770475212
01/01/2025 00:44:30,-4.134486090121396,13.94336048295722,-3.7426687401521743
01/01/2025 00:44:35,2.748820009615132,12.940878120219535,-0.2141159587712011
01/01/2025 00:44:40,0.0201007841194043,10.526462161682772,1.5728480349083331
01/01/2025 00:44:45,-3.5608069303139263,11.261300358036287,-0.3450929651528871
01/01/2025 00:44:50,0.6275717512090284,8.293468575970037,-1.6294634470115978
01/01/2025 00:44:55,-3.771407105433082,6.207881274128632,-3.4666806111939543
01/01/2025 00:45:00,-0.2744325050322289,10.10811885987322,1.1696307414208835
01/01/2025 00:45:05,0.2122292064585904,11.45464348812811,-1.1562594252537914
01/01/2025 00:45:10,3.7812879118206735,5.3478564017488655,2.032139049253959
01/01/2025 00:45:15,-1.0879655485165636,11.325510199131408,-2.288903031658386
01/01/2025 00:45:20,3.505201591974848,10.372425540540782,-3.612611630432819
01/01/2025 00:45:25,-1.6059344189072908,10.64917941179336,-0.8522934654064174
01/01/2025 00:45:30,0.3698608945653054,7.268160957037405,1.4413193010989565
01/01/2025 00:45:35,0.4566124461106504,6.702569018031306,-0.3848308749449147
01/01/2025 00:45:40,-3.779547169471509,11.932493219385478,0.0445046920381964
01/01/2025 00:45:45,3.1000883763685456,7.344231853168045,0.0342703666125854
01/01/2025 00:45:50,2.423350352293256,12.298618649842464,1.2777295187669442
01/01/2025 00:45:55,1.511650247354225,10.685456785522502,-1.429433797069804
01/01/2025 00:46:00,2.828371185262464,7.657396887104915,-3.0484629862213994
01/01/2025 00:46:05,-0.7508405133822467,12.004507327944385,-1.158702884925732
01/01/2025 00:46:10,1.85250723184248,9.568756428900468,0.1587794555215187
01/01/2025 00:46:15,-1.962586882554454,9.037473966666186,-0.4839502025238547
01/01/2025 00:46:20,-1.8686852087381371,12.981211685478335,-3.142410746723788
01/01/2025 00:46:25,-1.3913008545649244,8.939124093836796,-0.660893634017595
01/01/2025 00:46:30,-0.5721517384739845,12.781698485798684,-2.441839319398132
01/01/2025 00:46:35,-1.957859499090788,7.907073404874532,-1.9969829948639384
01/01/2025 00:46:40,1.1521306228332442,11.055147123412125,-2.264839873909673
01/01/2025 00:46:45,0.3385140986499944,10.244904835446128,1.99394925439368
01/01/2025 00:46:50,0.4601753903256811,9.890733214307478,-2.1469224709044474
01/01/2025 00:46:55,0.3311103524266494,5.508626175876014,-1.250948833945332
01/01/2025 00:47:00,3.124985659418289,11.241346896760568,-3.3462364353790357
01/01/2025 00:47:05,3.693501441718189,13.51845420987242,2.310027258760792
01/01/2025 00:47:10,2.902436188914165,11.448361454726472,-1.215529099881275
01/01/2025 00:47:15,-0.2846080342105348,10.291403703192504,0.3041276844002891
01/01/2025 00:47:20,-3.5590485364503617,13.537177781459858,-3.362363495584029
01/01/2025 00:47:25,2.4689478879720164,7.962707188172981,2.3236237629232708
01/01/2025 00:47:30,1.607840007488034,13.785325914311812,2.4063854121344583
01/01/2025 00:47:35,1.2702187231505748,10.666517112149418,-0.5545901678709133
01/01/2025 00:47:40,2.7190057708263105,6.014992292560997,1.576807735196276
01/01/2025 00:47:45,-2.7030707832828376,8.641967526666786,-1.64909476429381
01/01/2025 00:47:50,-1.5800045742263962,7.439788498436306,-1.531583253327443
01/01/2025 00:47:55,-1.0042839889920887,9.64952726873468,-0.677845125935864
01/01/2025 00:48:00,3.443527333515531,10.473257807267297,-3.282251002091168
01/01/2025 00:48:05,1.379088969235621,10.704626719179624,0.3431521099341226
01/01/2025 00:48:10,3.238082678339804,6.474800960527542,0.6399280541199772
01/01/2025 00:48:15,1.9352832481925335,11.66773965478508,-1.2190081121916705
01/01/2025 00:48:20,-1.4455533989541856,9.903398339874052,-1.9009827723088697
01/01/2025 00:48:25,-1.669028443813251,11.791626863888926,-2.082971064311625
01/01/2025 00:48:30,1.817681499153692,7.605805894473347,0.6627417124045198
01/01/2025 00:48:35,-0.444231381218257,7.171614936697292,-2.931914528889675
01/01/2025 00:48:40,0.5330708595495972,11.84073603433501,-2.1685542395402884
01/01/2025 00:48:45,-2.3941676719815224,11.371927589805836,1.0860453362779956
01/01/2025 00:48:50,1.165028406577295,7.286499117336708,-1.251902251480507
01/01/2025 00:48:55,-2.231725374885327,11.436092642978045,-1.3629550345276678
01/01/2025 00:49:00,-3.4701359998024195,10.592516203838382,-1.1538496313111644
01/01/2025 00:49:05,-0.2684971889135545,11.10683667707568,-3.4600791481363395
01/01/2025 00:49:10,-3.6695743582759146,13.540432298208811,-0.6883626452214009
01/01/2025 00:49:15,1.4515427000057677,5.683101244030652,-1.0083783813176197
01/01/2025 00:49:20,1.3832330077862172,9.645799320749358,-2.432798987512688
01/01/2025 00:49:25,2.650670157540562,8.755456511374199,-0.6309035489343575
01/01/2025 00:49:30,-2.262817567653886,10.35613036746847,0.7256429022538424
01/01/2025 00:49:35,-0.3229066582591549,12.888384541906047,-1.663862401220468
01/01/2025 00:49:40,0.94794842866501,7.399950085608257,-1.3724062548792444
01/01/2025 00:49:45,3.232503903695285,10.88723907038358,-1.5798829777168328
01/01/2025 00:49:50,-1.0294930076888866,11.416763492567084,-0.8015761133254653
01/01/2025 00:49:55,1.6457415647235378,7.235789749619462,-2.3158232795643308
01/01/2025 00:50:00,3.18134142169712,6.320330113985832,-2.095565672976841
01/01/2025 00:50:05,-1.64366608334105,13.007349952339792,-2.837918009309245
01/01/2025 00:50:10,-3.215458932648219,9.620965997866922,-2.3707916836272327
01/01/2025 00:50:15,3.366023834071326,5.769877474826751,-1.3116481460409706
01/01/2025 00:50:20,0.5485036777457597,10.11868383974572,-1.5650209790074023
01/01/2025 00:50:25,1.334718886113481,7.773013174037949,0.740370050690363
01/01/2025 00:50:30,0.3264226820701048,13.0687671343222,-2.524973019065885
01/01/2025 00:50:35,-3.1514987776215952,6.256761243685986,1.4202308586860724
01/01/2025 00:50:40,1.6936546660947127,13.726353081682031,-2.1994835801404005
01/01/2025 00:50:45,1.1244885366346824,9.2994821201355,0.5979973177749325
01/01/2025 00:50:50,-1.778314117964482,5.652286244074213,2.020854249349467
01/01/2025 00:50:55,-3.2730684474610428,12.022680772988156,2.486084497427245
01/01/2025 00:51:00,3.3886929673465187,13.74996311053856,2.144740068852953
01/01/2025 00:51:05,0.0382684692884303,13.672629944607344,-0.000338298109745
01/01/2025 00:51:10,3.4956144453470364,10.06194257416767,1.9607181257106012
01/01/2025 00:51:15,1.9900301273917305,7.565380486982504,-0.9324527327592612
01/01/2025 00:51:20,-0.1915677147141807,5.511400107521511,-3.463507432514882
01/01/2025 00:51:25,1.893362934557224,6.8147953268833525,-3.1902805009684245
01/01/2025 00:51:30,3.6683672685252544,13.836317069457763,1.075761609349898
01/01/2025 00:51:35,1.5553004223554383,8.439183137172527,-2.807396609490235
01/01/2025 00:51:40,3.594001580761001,5.622883720349791,-3.0365086752158192
01/01/2025 00:51:45,1.970908160532876,6.621236381621593,0.6676270936884778
01/01/2025 00:51:50,2.4457989686444352,12.540582581808392,-2.5828964104811383
01/01/2025 00:51:55,0.961530665196932,9.82687414191014,0.4001123935387483
01/01/2025 00:52:00,0.8265603136421587,7.686390942805032,-1.3036591121973526
01/01/2025 00:52:05,-3.086153871197776,13.227751647525354,-2.165901219755866
01/01/2025 00:52:10,-3.93932274139686,13.442953803001863,-1.2047109488440657
01/01/2025 00:52:15,1.687101456896254,13.075752391479671,0.670623814523152
01/01/2025 00:52:20,3.3408725601746205,12.291005352625827,-3.371208233878716
01/01/2025 00:52:25,2.7106573967029486,7.511911030152819,-3.506502269640457
01/01/2025 00:52:30,-3.206879389316912,7.8848602443091105,0.3107588155013183
01/01/2025 00:52:35,3.037116664692694,12.715724555263622,0.9488991057364052
01/01/2025 00:52:40,3.651539330910913,6.794992806355456,2.387149203164147
01/01/2025 00:52:45,0.3936284328413046,12.675753604944552,1.963950938332443
01/01/2025 00:52:50,1.7452735156142274,10.91843563196804,-1.4708438752416093
01/01/2025 00:52:55,-1.1994876909709,10.76916634567142,-3.7068530024024855
01/01/2025 00:53:00,-2.4582984859571138,9.807283006675467,-2.798958929445196
01/01/2025 00:53:05,-0.3495783557874068,7.224983726027312,-0.5849971809803085
01/01/2025 00:53:10,3.605346683312407,12.21362139819753,2.2989410747318844
01/01/2025 00:53:15,2.8016833468890465,12.140346215376958,1.1428304765394
01/01/2025 00:53:20,3.36057292128608,12.118357069089493,-0.945103336955316
01/01/2025 00:53:25,2.4762332220944816,6.255957869605226,-2.527372426986083
01/01/2025 00:53:30,1.98573371908894,13.328728129870676,-2.786231981624612
01/01/2025 00:53:35,0.8096726198525839,11.852300306413737,-2.5584022544993985
01/01/2025 00:53:40,2.1223887920806503,5.660718290828631,1.1717611558858283
01/01/2025 00:53:45,0.4921115644347877,9.147019768955229,-0.608825836533861
01/01/2025 00:53:50,0.4989392530098806,8.676279267295053,-1.7037245559684258
01/01/2025 00:53:55,3.5227405699983634,5.941564036079489,-3.756868385272336
01/01/2025 00:54:00,2.3593500632211586,6.828732596861058,0.658843922268233
01/01/2025 00:54:05,-0.0853827000460363,9.183112269662224,-2.114642416683755
01/01/2025 00:54:10,3.006303224696859,13.573637785195736,0.7038089433220391
01/01/2025 00:54:15,0.8394352492134227,9.059286702223028,-2.055586569421459
01/01/2025 00:54:20,1.63475699620142,10.718433405370028,-2.6818782349360824
01/01/2025 00:54:25,-0.0195585283439378,8.36016941468355,-0.2581690884505132
01/01/2025 00:54:30,-3.820185319627234,13.401197159300002,2.161885391344846
01/01/2025 00:54:35,3.7816527667762,6.181404716418799,-2.1741605734656
01/01/2025 00:54:40,-1.8757419013737664,10.52583959735476,0.1311989433257863
01/01/2025 00:54:45,3.575849012084422,7.2457325668898225,1.2884862431845288
01/01/2025 00:54:50,3.1092168791927293,9.829861627342511,-0.9493857211254912
01/01/2025 00:54:55,3.749202231888335,5.403868198619654,-3.406151830833714
01/01/2025 00:55:00,-1.9685067021760787,12.075223489184276,-3.1089591840548207
01/01/2025 00:55:05,1.0018954435177243,7.218136567381023,-2.220422246147282
01/01/2025 00:55:10,-3.990014124997877,5.459822217004215,-2.1624456857369454
01/01/2025 00:55:15,2.1972056205756547,7.408083409052695,1.9927080205869965
01/01/2025 00:55:20,2.299691560167933,6.838850696456435,1.0009098584585687
01/01/2025 00:55:25,-4.161763844758776,11.769793077201289,2.1376741191786697
01/01/2025 00:55:30,-0.6653130512269039,5.546356439827469,-2.3437848862351585
01/01/2025 00:55:35,2.2131472877026104,9.03548474075762,1.485241437010381
01/01/2025 00:55:40,3.373202780387088,9.857289710139232,1.1765135059024012
01/01/2025 00:55:45,-3.715175662284834,14.044059003988892,2.298855273797217
01/01/2025 00:55:50,0.6254393203532254,13.401617917457942,2.4189681486423424
01/01/2025 00:55:55,-3.652981102336164,5.400959813953371,-1.8368664786877624
01/01/2025 00:56:00,1.8129007357392573,10.314194514747555,-0.3403498974888159
01/01/2025 00:56:05,0.7336708415533963,10.853385173874358,1.4922494324454956
01/01/2025 00:56:10,-2.778580932188047,12.276337885546152,0.6699685099352508
01/01/2025 00:56:15,-3.2656769654488684,11.501032177634029,-0.9137987494115792
01/01/2025 00:56:20,-1.987469644369248,11.87937394128808,-0.7086857578270189
01/01/2025 00:56:25,2.7228685259513576,12.856370628981573,-3.2060142016874926
01/01/2025 00:56:30,-1.3671677643122555,11.760834665043788,-1.818783118754862
01/01/2025 00:56:35,1.345715031055755,11.424936425506887,-1.650743104570723
01/01/2025 00:56:40,1.1532785530109684,10.325122629007376,1.9339738819257657
01/01/2025 00:56:45,1.1490804262293337,13.48644083807683,2.3043417043069936
01/01/2025 00:56:50,1.1809417305211416,11.50026787998594,-3.309586242079309
01/01/2025 00:56:55,0.9379530494857656,9.38177802943736,-0.2854795899902682
01/01/2025 00:57:00,2.50594639148975,10.2981995397369,-3.2925003014110903
01/01/2025 00:57:05,1.9108071079129825,8.980819427644981,-0.6513977503881383
01/01/2025 00:57:10,2.584825686119322,10.568698163151854,2.0709288164724478
01/01/2025 00:57:15,-0.671975660901563,10.111974910386426,-2.1928019590004846
01/01/2025 00:57:20,-2.752966051318862,7.1217880149597566,-2.791482955649546
01/01/2025 00:57:25,-1.911542092432036,8.539257369385854,-0.2790592631978068
01/01/2025 00:57:30,-1.459414147457492,11.215505716129272,0.6114172030163929
01/01/2025 00:57:35,-0.3324640486585961,13.891962783629989,-1.6389109355111828
01/01/2025 00:57:40,1.4071438340336169,8.40944994199176,-1.636483390872302
01/01/2025 00:57:45,-1.501904851367876,8.02272728121358,0.1692955979599504
01/01/2025 00:57:50,3.9690455285715567,8.006199540097361,2.1169782658673206
01/01/2025 00:57:55,-0.7161260734011237,9.23715698199234,1.5554010321382978
01/01/2025 00:58:00,1.8240542023872552,10.109563157884974,-1.938732426366726
01/01/2025 00:58:05,2.833137389247086,11.34549018755505,1.551166017841723
01/01/2025 00:58:10,2.577938203423104,13.08057851241184,-3.130851617408917
01/01/2025 00:58:15,0.8787660669016861,12.824097039233433,-2.2774995559183067
01/01/2025 00:58:20,2.355191425284927,12.468188419020262,1.8298556615893755
01/01/2025 00:58:25,3.8764816491718905,13.324364329585764,-3.6865550856500673
01/01/2025 00:58:30,-0.8982496720285396,8.807852075970947,-1.7553596277722812
01/01/2025 00:58:35,2.7169582304238373,12.392487905076022,-2.387607490131398
01/01/2025 00:58:40,-0.0937689818150446,11.57881744609218,-2.3834873174106423
01/01/2025 00:58:45,3.404851784386888,9.22619289122456,-3.474918006615422
01/01/2025 00:58:50,3.975199159600244,5.485917561289873,2.1186658719753813
01/01/2025 00:58:55,3.925647917479211,13.568348058221329,-1.0340678217278634
01/01/2025 00:59:00,-1.839867489504064,8.512146297071157,-1.1765944513071471
01/01/2025 00:59:05,-2.899163557339243,6.349509598201731,-2.7298752918639884
01/01/2025 00:59:10,0.9923310967319954,11.252853595658983,-2.196613367465749
01/01/2025 00:59:15,2.0133688801485063,5.279470225766247,-2.612437666120345
01/01/2025 00:59:20,-3.25721729951342,13.72199640822868,-3.548816422542538
01/01/2025 00:59:25,0.1896596810816864,11.72833143816804,-0.2305912119742301
01/01/2025 00:59:30,0.228835769714347,10.76749954653081,1.877940210067912
01/01/2025 00:59:35,2.15691516390777,13.995470550073222,1.3474811846321466
01/01/2025 00:59:40,-3.1295326771313974,8.6750099987297,1.1371409544170734
01/01/2025 00:59:45,-0.0302962038912508,11.853143912550305,0.0165950519484101
01/01/2025 00:59:50,-0.5698277136176428,7.143944802798285,-1.1955601200863857
01/01/2025 00:59:55,-1.5925592952708785,9.321118423542044,-0.5238606609124681
01/01/2025 01:00:00,2.5108145181053056,12.513882343269072,1.4051163571170702
01/01/2025 01:00:05,-0.8278427403443418,8.804032983903422,-2.2593016977924334
01/01/2025 01:00:10,0.3664600738288737,10.632235717407712,0.5039069733341903
01/01/2025 01:00:15,-3.776811482530537,13.730947157861,-3.734003354869325
01/01/2025 01:00:20,-1.2397455458970326,5.5182121314390455,0.37926312523865
01/01/2025 01:00:25,1.344434932819095,13.742326478876288,-1.558959812861517
01/01/2025 01:00:30,-2.4673801943948845,12.849627586105589,-0.385826468822029
01/01/2025 01:00:35,-0.2785827313538287,6.648857645645091,-1.4058988419517142
01/01/2025 01:00:40,3.7065109268994334,9.794689919373823,1.99669221048508
01/01/2025 01:00:45,-0.1129951469963095,12.251804118922138,-1.3956143989510226
01/01/2025 01:00:50,-2.5167326874663285,13.717813367637287,-3.75722118614161
01/01/2025 01:00:55,0.9997558315294964,10.075079204108532,-2.7175598354533603
01/01/2025 01:01:00,1.5862157990785142,5.768209848457491,-3.7850364922555513
01/01/2025 01:01:05,-1.5040916621189533,10.816889056896422,-1.092515610628586
01/01/2025 01:01:10,-3.0378144178249533,7.093745519652639,-3.0201632177092588
01/01/2025 01:01:15,1.4889665456979944,12.003751108587966,0.8512765338979973
01/01/2025 01:01:20,3.475096865926236,11.059496642607122,2.1058075197520267
01/01/2025 01:01:25,2.651850392419425,8.696099678668611,1.542383701658126
01/01/2025 01:01:30,-1.4387987868704497,13.34780979098766,-1.8371088610935005
01/01/2025 01:01:35,3.091082334595177,6.560933976460752,1.818874018373661
01/01/2025 01:01:40,-0.9927839930516562,5.506296061071001,2.236567321938718
01/01/2025 01:01:45,-2.745458744686891,7.816360908085207,-3.6880904131437897
01/01/2025 01:01:50,-3.569517165789584,5.4190180429106,-1.306658280278362
01/01/2025 01:01:55,1.3736410281765563,9.652116426882449,1.1187133588370073
01/01/2025 01:02:00,-3.263774837334055,7.81069755589961,0.3757867964402792
01/01/2025 01:02:05,0.8296246551558806,11.316928909564767,-3.142085486677256
01/01/2025 01:02:10,-1.2272329635430883,9.623122012210787,-2.278339417019105
01/01/2025 01:02:15,2.921613136701552,9.12917473160931,-1.4885732622813048
01/01/2025 01:02:20,0.9871695343487832,9.524358492950864,-1.9153788086373715
01/01/2025 01:02:25,0.8603841017787444,9.548985880581291,-0.9661807757335832
01/01/2025 01:02:30,2.28522117436132,13.999032709895689,-3.27066988895146
01/01/2025 01:02:35,0.1211216652952353,9.077371444858665,-1.9152092634911808
01/01/2025 01:02:40,2.435582498250121,9.405069909910033,2.080856608080241
01/01/2025 01:02:45,1.8423953849022223,9.757423553033297,0.4532209243337277
01/01/2025 01:02:50,0.0502574212180415,13.875767285923493,-3.5915625738997408
01/01/2025 01:02:55,3.739810717734077,6.599108343269124,2.4221045422693708
01/01/2025 01:03:00,-0.094346997040974,13.729686783001034,-3.39660982683628
01/01/2025 01:03:05,2.466439168332604,9.430426283669805,-1.492749420381132
01/01/2025 01:03:10,3.0955912224181463,13.446927223943968,2.360827400744191
01/01/2025 01:03:15,0.2340636854271247,8.96867287797696,2.289325448295026
01/01/2025 01:03:20,-1.1149663877020748,6.853492785792002,0.5915976716945792
01/01/2025 01:03:25,-3.178382045510814,5.718393082132678,2.5027250258519667
01/01/2025 01:03:30,0.7193039226182094,10.768376083388684,-2.2515688336864192
01/01/2025 01:03:35,-1.57998394811482,5.746158497603435,1.001906186460412
01/01/2025 01:03:40,-0.0077205678544114,10.778454242052511,-1.08379584240107
01/01/2025 01:03:45,-3.458447973641916,8.38925383653516,1.5573276542289929
01/01/2025 01:03:50,-0.3079045360713275,8.085090543987338,-0.3649484112737315
01/01/2025 01:03:55,-0.3319348458789584,6.563511012010667,0.5698494470893518
01/01/2025 01:04:00,3.863584465050656,12.41656514674056,-3.5113265058861303
01/01/2025 01:04:05,3.470820601469472,7.846929076709083,-3.2364161418516475
01/01/2025 01:04:10,0.6844775047746139,5.347473943892883,2.126489941244812
01/01/2025 01:04:15,-0.3896615322250047,11.713938549175236,1.774382832706467
01/01/2025 01:04:20,3.3600996270732457,13.340530157207771,-2.654277906371559
01/01/2025 01:04:25,-0.4879208922460862,11.249417931894456,-2.1961016428998112
01/01/2025 01:04:30,1.2525417758485895,12.909105356687588,1.51808444106527
01/01/2025 01:04:35,0.9893060836389548,6.060296940734707,-3.624417286569683
01/01/2025 01:04:40,-0.9735977781165182,7.007259139454042,1.1893816356107816
01/01/2025 01:04:45,2.89267373384671,8.766277000291232,-1.944193883312329
01/01/2025 01:04:50,-2.197870108402256,13.56986718092497,-0.7527271274841487
01/01/2025 01:04:55,1.7364767857340335,12.712010503192523,2.5016786191825924
01/01/2025 01:05:00,-1.7489207123932822,9.055002895933605,-1.7423404833491107
01/01/2025 01:05:05,-2.174522700559193,5.993127258036167,-0.2097605055778224
01/01/2025 01:05:10,-0.5274896551928228,11.890558493035586,-2.577081840706419
01/01/2025 01:05:15,1.0393394803017126,6.969895392939325,-3.3269429368695804
01/01/2025 01:05:20,-0.1336385300764337,12.25785891409647,-1.0820754171326008
01/01/2025 01:05:25,0.7966107102005027,9.191128553875275,-2.247726702678765
01/01/2025 01:05:30,1.4797790883195114,10.417764070466244,-0.3377425478985558
01/01/2025 01:05:35,-0.825664183949733,9.967124263734444,-1.907165507435584
01/01/2025 01:05:40,-4.022808187685979,5.963914592149006,1.9467338343555407
01/01/2025 01:05:45,-1.5207355581794857,11.662421575439629,0.4493533258726376
01/01/2025 01:05:50,-0.3947696036827042,6.103951216109024,0.8432503690379876
01/01/2025 01:05:55,3.0344553770205263,6.202624554196142,1.787262695801452
01/01/2025 01:06:00,0.250538519008439,13.7786932806421,-3.3992903750007715
01/01/2025 01:06:05,3.7858040050754127,7.491475331256547,1.977543915148758
01/01/2025 01:06:10,-1.7590954641449552,7.314732650645817,-1.3222035791055642
01/01/2025 01:06:15,-1.431610973961865,7.9590610988945185,-2.265933067514664
01/01/2025 01:06:20,0.8101793068006127,8.85336969815145,-1.374908600589711
01/01/2025 01:06:25,-2.9837060964481026,13.08708790235257,-2.256933480493622
01/01/2025 01:06:30,-0.438135954773976,9.308991010346492,-0.8046502369575284
01/01/2025 01:06:35,-1.5384209433753857,8.990053902322027,-1.55400109776937
01/01/2025 01:06:40,0.4217454833181921,8.909052694620694,1.295717678561212
01/01/2025 01:06:45,-3.862709345531704,5.923658152128133,-0.7377315864301615
01/01/2025 01:06:50,-0.098848715233649,11.96790838680926,0.0584490665444206
01/01/2025 01:06:55,1.5193089519585463,6.008420204100632,-2.645283943484406
01/01/2025 01:07:00,1.6440698141386254,9.837415763615583,0.0103940676019091
01/01/2025 01:07:05,0.8170905281171756,9.669456428555389,0.1046123030226229
01/01/2025 01:07:10,0.1515177054863428,9.811266948629346,0.2335871821236477
01/01/2025 01:07:15,1.428218394510151,11.602141461772296,-1.6858994681951824
01/01/2025 01:07:20,-3.972708787532605,13.893577969828073,2.221063693588899
01/01/2025 01:07:25,-0.584233946283357,11.36923188390164,-2.2304867152906
01/01/2025 01:07:30,-3.171850174002831,9.512870746001813,-0.4523606696858411
01/01/2025 01:07:35,3.3335082005955656,13.324604429690996,-3.0701543565402605
01/01/2025 01:07:40,-1.963318145160892,11.771876595029614,-0.0247262354457125
01/01/2025 01:07:45,2.239491570056364,11.790059188658775,-0.4508929765637053
01/01/2025 01:07:50,0.3636237854767339,7.2153340334595635,-0.7697170120794072
01/01/2025 01:07:55,-2.946327249617624,11.069966369201708,-1.3725989815546382
01/01/2025 01:08:00,3.718563729511484,12.013951239298535,-1.8644137205235096
01/01/2025 01:08:05,0.9833606629138832,9.999047646164286,-1.979905062649943
01/01/2025 01:08:10,2.3153540555550896,7.04161456237472,-2.6828478214975164
01/01/2025 01:08:15,0.4460386680271559,6.515557256255619,0.2315992687186958
01/01/2025 01:08:20,-3.180317472511484,10.096228136451012,-2.886415503904576
01/01/2025 01:08:25,2.667055208854761,10.690645269280386,1.3902779157592904
01/01/2025 01:08:30,0.5006244094839545,6.138490265100047,-2.469318596262472
01/01/2025 01:08:35,-3.5730241165834338,13.579697788990767,0.4232857115738642
01/01/2025 01:08:40,-1.2085968593583003,9.909823441508344,-1.786123774222985
01/01/2025 01:08:45,-3.798005599537514,7.559462095525155,-2.680120227193334
01/01/2025 01:08:50,3.106674634721557,8.810987861536363,-2.87225176226761
01/01/2025 01:08:55,-2.785400418818787,11.187247073068097,-3.3864043657627905
01/01/2025 01:09:00,-1.3772439707326218,9.73344515170746,-1.5119117190262945
01/01/2025 01:09:05,-1.5935040213569862,11.980100337184712,0.8319497707208714
01/01/2025 01:09:10,0.4791466177828516,12.017071856249975,-0.6268865383170099
01/01/2025 01:09:15,1.691029397710253,10.349102689009058,1.5624461261326332
01/01/2025 01:09:20,0.6929997102989489,10.122472343237312,-0.0401442082304548
01/01/2025 01:09:25,0.6342622802451929,8.492727534053381,0.9778199708357262
01/01/2025 01:09:30,1.5623066840633495,12.03306309519975,0.9618365789439908
01/01/2025 01:09:35,1.4348226639750066,8.067158394388484,-1.577630940398567
01/01/2025 01:09:40,1.494678082859462,11.277007527197153,0.1786606212526615
01/01/2025 01:09:45,3.946983255598536,8.653678959225998,-3.525168243270862
01/01/2025 01:09:50,3.6763799089669664,6.785499326627907,2.4884920925185163
01/01/2025 01:09:55,-4.030463554356633,13.893165370500624,-3.760203836347989
01/01/2025 01:10:00,3.3150678653378605,5.430256918272602,0.4710624217013861
01/01/2025 01:10:05,-3.3314771438932715,5.938763825640789,-3.286382107078849
01/01/2025 01:10:10,-0.4173203733995552,7.791043582425594,-2.339242256114884
01/01/2025 01:10:15,0.9347052747192636,12.832244280815626,-3.136151984331142
01/01/2025 01:10:20,1.4204006685703443,6.856269483618052,-2.3609395820597445
01/01/2025 01:10:25,0.0728576185774718,11.227071285907844,0.2272400106436913
01/01/2025 01:10:30,-0.2551702131020716,7.959253680006501,-1.7254315061732002
01/01/2025 01:10:35,-3.4843702645383723,11.672177005882633,1.793851063344431
01/01/2025 01:10:40,0.3225307880927595,11.37793952301552,1.621465178758263
01/01/2025 01:10:45,3.060119367165219,13.198827051337991,-3.540610259641692
01/01/2025 01:10:50,3.641985514007122,13.888131181579984,0.1574919363072062
01/01/2025 01:10:55,-2.334245175354509,7.069355594777202,-1.7527328474011947
01/01/2025 01:11:00,-4.090896123818064,5.5463058018660085,1.208914323205128
01/01/2025 01:11:05,1.7638381380287504,11.771729548834312,-2.8053035045819983
01/01/2025 01:11:10,0.5702180046380017,10.441790271354556,-2.1963423877460584
01/01/2025 01:11:15,-0.8249735536935068,8.513453679202973,-2.248050158158918
01/01/2025 01:11:20,-0.4935834638352183,8.951948370930454,0.3999069872828555
01/01/2025 01:11:25,-1.8596562134490455,10.403932711570365,-1.2992079136014207
01/01/2025 01:11:30,-3.636269012267925,8.86775621118785,0.9043113216798342
01/01/2025 01:11:35,3.9235329427903456,8.572880290388962,-3.634475654704363
01/01/2025 01:11:40,0.5686450303839714,10.714101016276553,-2.744031391039514
01/01/2025 01:11:45,-2.602826453653317,9.629315842724722,-0.5148603401117289
01/01/2025 01:11:50,2.7414542269293776,11.328770031242192,-2.0285890541411136
01/01/2025 01:11:55,1.2535068893332704,12.633440393796644,1.5067112452657188
01/01/2025 01:12:00,2.553788315886204,6.005521672726496,1.942884202311172
01/01/2025 01:12:05,-2.7803390798576224,12.474792242967869,-3.100826870965819
01/01/2025 01:12:10,-3.5062351975556347,9.751615970294496,-3.317149320397236
01/01/2025 01:12:15,-2.310411652836949,7.220135212188241,1.040000460845608
01/01/2025 01:12:20,-0.2997967743242244,11.761961208087577,0.8227983535732433
01/01/2025 01:12:25,3.6767022605447774,11.41440786908712,2.465309515975613
01/01/2025 01:12:30,3.753381879775012,12.329191243074376,-3.3928022365823143
01/01/2025 01:12:35,3.1478505247769384,7.409690549632497,1.3771306484957926
01/01/2025 01:12:40,3.1448519716866787,7.281519889568364,-2.7159807319173845
01/01/2025 01:12:45,0.3265951580205515,10.34501014656648,0.8688638369184085
01/01/2025 01:12:50,-2.2345893663768157,10.42309008003949,-2.144858666673373
01/01/2025 01:12:55,1.298988216037693,7.002943601698284,1.1521681586604533
01/01/2025 01:13:00,-0.3775958344586509,13.54557294972818,2.296885051014881
01/01/2025 01:13:05,-3.852683840246879,12.428958979756596,1.9938810638868687
01/01/2025 01:13:10,-3.0309562365708427,6.148474525472956,-3.7156359983133775
01/01/2025 01:13:15,-0.8251292894796669,13.908818389879617,-1.4735180308715214
01/01/2025 01:13:20,1.1238333341045936,8.956521276054477,-2.0751508654998734
01/01/2025 01:13:25,3.346021998429269,8.35848517146551,-3.454689326772152
01/01/2025 01:13:30,-0.3811129768007086,8.810989181045551,-1.6843887002420272
01/01/2025 01:13:35,3.990978246483465,10.943299355101814,2.4641454136466834
01/01/2025 01:13:40,-0.022178742397855,10.859179453871684,1.7768548782841111
01/01/2025 01:13:45,-2.465654827819824,5.596284248532182,2.2287712723384985
01/01/2025 01:13:50,-3.473014531131327,7.141637719756905,-0.0140035355296901
01/01/2025 01:13:55,-2.254542618101729,9.431165336246227,-0.2330535920250738
01/01/2025 01:14:00,1.3251060077645849,13.62817414031339,1.2919512371773556
01/01/2025 01:14:05,1.922081176319527,11.528883263823587,-1.5998841344047454
01/01/2025 01:14:10,-2.956008124045137,9.542327018681696,-0.687742196933854
01/01/2025 01:14:15,0.3170313878480124,10.74375980555448,-0.6234340140343728
01/01/2025 01:14:20,-0.0888909268252962,6.9546448961957,1.2295207516843043
01/01/2025 01:14:25,-2.5459328677503192,12.33869343642064,-0.5716832958654539
01/01/2025 01:14:30,-2.1653749966032514,9.9626343818944,-1.267247935907188
01/01/2025 01:14:35,-2.273716236417335,11.49707209946816,-1.9327468716528755
01/01/2025 01:14:40,-2.062437692584778,10.15380581639129,-0.0506839420485025
01/01/2025 01:14:45,0.7345618732024017,11.885997596321436,-0.6784848141845898
01/01/2025 01:14:50,3.479108621087622,13.529935836700004,-2.581584924584873
01/01/2025 01:14:55,-2.9162713734377848,9.998456420784535,-2.280288003704256
01/01/2025 01:15:00,2.939110553469288,8.657565346522004,-1.3671309732155117
01/01/2025 01:15:05,-3.7261476578667385,13.649552148303115,-2.578036829699342
01/01/2025 01:15:10,0.3539396400157337,6.17675208441434,2.077302932299796
01/01/2025 01:15:15,-1.6434120813439392,12.856608574981662,-1.8393079815737003
01/01/2025 01:15:20,-1.6016524987503948,10.395029097841045,-2.2077354909784663
01/01/2025 01:15:25,3.6426228427427856,5.398151368331322,1.1292988425899595
01/01/2025 01:15:30,-1.3182239324643887,9.155466439926274,-1.4513576975434015
01/01/2025 01:15:35,-1.41395872081425,9.58617632094685,2.389922976484451
01/01/2025 01:15:40,0.7191006571775711,11.688126877167356,-2.113311818133526
01/01/2025 01:15:45,-0.6129274441019024,12.64982169533537,-2.5263591030691464
01/01/2025 01:15:50,-0.8586621681805546,9.32999496493061,1.180258834693223
01/01/2025 01:15:55,-1.803926422495168,5.307460368447728,2.042092752827696
01/01/2025 01:16:00,1.847046225452928,12.723979863862397,-2.319292120072307
01/01/2025 01:16:05,3.670037898865472,13.3704652137124,-3.763005460897445
01/01/2025 01:16:10,0.4464402465724246,9.255465863731356,-3.247788437800344
01/01/2025 01:16:15,2.512841696847673,5.342966699809312,-1.18156819717942
01/01/2025 01:16:20,1.023205665022266,13.816745013694437,0.9695213403365436
01/01/2025 01:16:25,-2.964347380142316,8.997479347379047,0.9014990727264872
01/01/2025 01:16:30,-1.1720281131868937,7.669271605846212,-0.6145683545256921
01/01/2025 01:16:35,-3.5858278657034885,12.610651330573743,2.408345873557295
01/01/2025 01:16:40,-3.342940396124062,13.035813420950292,-2.6631489506331114
01/01/2025 01:16:45,-3.6721272439323913,7.662576736814758,-1.642370663272075
01/01/2025 01:16:50,0.8087678464549652,11.277326233978672,-0.5262977106485609
01/01/2025 01:16:55,-3.433119871492087,6.010868683673595,-2.929455604572672
01/01/2025 01:17:00,-1.1964950611199918,9.9658986907959,-1.2425836345095018
01/01/2025 01:17:05,-0.0689073397893675,6.985824701722359,-1.952434640912014
01/01/2025 01:17:10,3.566587730605893,5.552946414280041,-3.106004670923146
01/01/2025 01:17:15,-2.529000844268913,5.550975005812391,-2.662595955946013
01/01/2025 01:17:20,-2.276331420600333,11.258154301025838,1.6182086960572883
01/01/2025 01:17:25,0.1666907947061866,11.19162844737677,-1.2335788256621505
01/01/2025 01:17:30,0.9648189249145264,9.72575601097358,0.8860634843749837
01/01/2025 01:17:35,0.2148546104665318,10.237089018535496,-2.956359292874543
01/01/2025 01:17:40,-0.1637306548762445,12.70937882737542,-2.851446293999809
01/01/2025 01:17:45,-3.467704118484853,8.920414678324075,-2.927951259086549
01/01/2025 01:17:50,3.885040551264468,10.593841331569031,-0.0962109576493608
01/01/2025 01:17:55,-2.247131366313796,8.737971742879388,-0.3301012685430207
01/01/2025 01:18:00,-1.957322225885909,9.81627948669204,0.5942858995051155
01/01/2025 01:18:05,-2.185915349023748,10.858203572732656,-1.1452926435905708
01/01/2025 01:18:10,-2.518453657925698,7.331576422930373,-3.203085366250363
01/01/2025 01:18:15,-3.636714915828369,8.252703259310081,2.056985812979522
01/01/2025 01:18:20,-1.4724855810406194,9.482840431988471,0.6626195646353583
01/01/2025 01:18:25,3.353857648834514,8.464673979021125,-0.6687331421500207
01/01/2025 01:18:30,-1.3046390006259665,10.45956415962111,-1.2710567743862975
01/01/2025 01:18:35,-3.8181506190209062,13.668900257611572,0.9993788331446988
01/01/2025 01:18:40,-3.456665046942096,12.774729116606125,-0.8571795652578591
01/01/2025 01:18:45,-0.907557714801568,9.03732312918102,-0.6528165138503055
01/01/2025 01:18:50,2.919869969160669,8.911403880253534,-2.373458951870921
01/01/2025 01:18:55,-0.4589478716803226,9.422568057250665,-1.6778324490976912
01/01/2025 01:19:00,-2.1731134311634546,11.043092316283705,0.8454467792365019
01/01/2025 01:19:05,-1.6561079535664196,7.974600842630748,-1.521617645916416
01/01/2025 01:19:10,1.6134342486833155,7.4027708245331105,-2.3336895085889595
01/01/2025 01:19:15,-2.592916558595991,6.636247504624713,2.0008706154823743
01/01/2025 01:19:20,-0.997003662130206,10.99408646213923,-2.092272811844728
01/01/2025 01:19:25,-3.110039663913929,9.447692216487026,-2.0920776034533928
01/01/2025 01:19:30,0.6702248502613868,7.360650299074096,1.658374198028288
01/01/2025 01:19:35,3.475287655496432,13.324655988739714,-3.3024917449720634
01/01/2025 01:19:40,0.5291974196739049,11.4952413452855,0.1258408186624122
01/01/2025 01:19:45,0.0718765385880866,5.4041975660998975,0.4184137766792264
01/01/2025 01:19:50,-0.2083549751907805,11.789410406684942,-1.222904536742188
01/01/2025 01:19:55,0.801908210246022,9.898840211691589,0.896833670231187
01/01/2025 01:20:00,1.9601132183383616,11.970799810122086,-0.6381517564962491
01/01/2025 01:20:05,3.66728506077678,9.945013885967828,-2.9865259487887967
01/01/2025 01:20:10,-2.538800991180787,6.374918196898912,1.1843606400878977
01/01/2025 01:20:15,-1.6517625850478783,10.587714602027662,0.1368225800358802
01/01/2025 01:20:20,0.0161719406648579,9.536655865013364,0.2468158026031464
01/01/2025 01:20:25,-0.8191185806345116,10.069727104373388,-1.7881795789793942
01/01/2025 01:20:30,-2.461738598414101,11.744888938978027,1.3390288852592112
01/01/2025 01:20:35,-2.273530983866105,9.230441932981533,-0.6126307315949957
01/01/2025 01:20:40,-0.7001396699281759,12.95680060801922,1.7508271503523014
01/01/2025 01:20:45,-1.3084549313492468,7.00409626255683,-2.486034575280877
01/01/2025 01:20:50,3.4667412281271166,13.937887423498498,-0.6639649602330611
01/01/2025 01:20:55,-1.1791075981314203,8.124218362097785,-3.060645867301451
01/01/2025 01:21:00,-3.1415345806832984,13.124183433670186,0.97952512398957
01/01/2025 01:21:05,1.367327446730616,5.915338165291538,-0.8644343180271834
01/01/2025 01:21:10,2.8513126963781663,11.618229779272571,-3.3785833024493006
01/01/2025 01:21:15,1.843652759268474,10.5070103202021,2.0256650790175
01/01/2025 01:21:20,1.3368445667267728,7.232687250843701,-0.4432642187806093
01/01/2025 01:21:25,1.0051722462463837,6.091550003437169,-3.432795179002404
01/01/2025 01:21:30,0.3903874457066818,10.08623209980782,0.513405870779231
01/01/2025 01:21:35,-1.609649981918629,13.982213584879984,-0.8261045086313898
01/01/2025 01:21:40,-0.2375355460403905,9.654100408901016,0.072713632699167
01/01/2025 01:21:45,1.6122227872246606,6.892560222860018,-1.3622866668725293
01/01/2025 01:21:50,2.146262832564417,12.779113796469742,2.019199676406432
01/01/2025 01:21:55,-2.3290735492059165,9.194504368191671,-1.361663118503459
01/01/2025 01:22:00,-2.390521287520232,11.539259287554344,-2.715991679769332
01/01/2025 01:22:05,-2.14872771574863,10.256564746535398,1.786076097871133
01/01/2025 01:22:10,-0.4604145364018506,5.226935588158024,-2.832779672041936
01/01/2025 01:22:15,2.9378551972030564,11.654630761886237,1.1045908775267677
01/01/2025 01:22:20,-3.505366846282669,12.660585643102262,-2.5975717999979047
01/01/2025 01:22:25,0.9982338289920452,10.88475858953659,2.160870966904469
01/01/2025 01:22:30,-2.306587391946132,7.8769383659723795,-0.8906955008840787
01/01/2025 01:22:35,-2.8146518432667995,7.923010701477092,0.8801492176979204
01/01/2025 01:22:40,1.4905653520887672,7.531392618626028,-0.8795940101909816
01/01/2025 01:22:45,1.7021145647432363,8.045329672684902,1.042119685776108
01/01/2025 01:22:50,-1.2387575824526111,6.64015353852866,-0.1761163413186715
01/01/2025 01:22:55,2.070391811304224,10.51985872881228,-0.1124283131259478
01/01/2025 01:23:00,2.702176296905049,7.85032944671058,-3.4614280320664466
01/01/2025 01:23:05,-0.1890039081451813,7.982675165902379,-1.4043787742128382
01/01/2025 01:23:10,0.9470441773357852,7.040568981256111,-0.606452478388499
01/01/2025 01:23:15,-3.70703716607768,12.177876196251129,0.3757489690793734
